<?xml version="1.0" encoding="UTF-8"?>

<DeviceList xmlns="MCDDeviceListSchema" xmlns:xsd="http://www.w3.org/2001/XMLSchema" xmlns:xsi="http://www.w3.org/2001/XMLSchema-instance">
    <Properties>
        <Property id="40001" value="mcd01_ecad_plant_a"/>
        <Property id="10184" value=""/>
    </Properties>
    <Devices>
        <Device>
            <Properties>
                <Property id="40201" value="sensor"/>
                <Property id="40202" value="Proximity switch"/>
                <Property id="40203" value=""/>
                <Property id="40204" value=""/>
                <Property id="40205" value="=A1+F1-W1"/>
                <Property id="40206" value="{8b864004-5fea-4738-b3fd-4bf268ac5743}"/>
                <Property id="20006" value="=A1+F1-W1" /> 
                <Property id="20115" value="Proximity switch"/>
                <Property id="20116" value="Proximity switch, 3 connection points"/>
                <Property id="20026" value="Proximity switch, NC contact with power supply"/>
            </Properties>
            <Parts>
                <Part>
                    <Properties>
                        <Property id="22001" value="LENZE.063C22"/>
                    </Properties>
                </Part>
            </Parts>
        </Device>
    </Devices>
</DeviceList>
